コード,市区町村,一戸建(国調2020),持ち家割合,築20年以内割合(持ち家),同・太陽光設置率,2023.10以降の新築,新築の太陽光設置率,築20年以内(新築含む),対象戸数(陸屋根を引く前),陸屋根率(仮),対象戸数(陸屋根を除く)
01101,札幌市中央区,15440.0,0.8348,0.2828,0.0493,529.75,0.0342,4175.019,3977.2153,0.81,755.6709
01102,札幌市北区,59004.0,0.9381,0.3175,0.0861,2224.5,0.2041,19800.8447,17832.7113,0.81,3388.2151
01103,札幌市東区,41800.0,0.886,0.301,0.0744,1716.75,0.1185,12863.2606,11830.1868,0.81,2247.7355
01104,札幌市白石区,25037.0,0.868,0.3146,0.0471,1168.5,0.1562,8006.8144,7502.4142,0.81,1425.4587
01105,札幌市豊平区,26855.0,0.8862,0.3757,0.0619,1144.0,0.1028,10083.9489,9413.2945,0.81,1788.526
01106,札幌市南区,32253.0,0.9276,0.2404,0.105,850.25,0.1204,8042.4682,7184.6343,0.81,1365.0805
01107,札幌市西区,34717.0,0.9454,0.3083,0.0729,1346.5,0.1235,11467.2151,10563.0582,0.81,2006.9811
01108,札幌市厚別区,20689.0,0.9545,0.2628,0.0841,553.75,0.1609,5743.5358,5217.8035,0.81,991.3827
01109,札幌市手稲区,33896.0,0.944,0.2821,0.1017,962.75,0.151,9988.3882,8925.31,0.81,1695.8089
01110,札幌市清田区,30748.0,0.9631,0.2481,0.0802,737.25,0.1248,8084.8349,7403.5091,0.81,1406.6667
01202,函館市,66848.0,0.9176,0.2571,0.0567,1647.5,0.0675,17414.8309,16409.4233,0.56,7220.1462
01203,小樽市,32337.0,0.9352,0.1529,0.072,363.0,0.1167,4986.447,4611.0337,0.56,2028.8548
01204,旭川市,87778.0,0.9343,0.2082,0.0575,2012.0,0.1182,19090.0557,17870.0039,0.56,7862.8017
01205,室蘭市,22996.0,0.9138,0.2106,0.0782,374.0,0.1082,4799.0859,4412.5847,0.56,1941.5373
01206,釧路市,44873.0,0.9055,0.2185,0.134,705.5,0.1559,9582.7919,8283.0471,0.56,3644.5407
01207,帯広市,45176.0,0.8913,0.2785,0.1356,1160.0,0.085,12374.4054,10755.1952,0.56,4732.2859
01208,北見市,33995.0,0.9347,0.2319,0.1087,714.75,0.1011,8083.5833,7210.306,0.56,3172.5347
01209,夕張市,1785.0,0.9333,0.1039,0.0551,3.0,0.094,176.0909,166.2739,0.56,73.1605
01210,岩見沢市,23990.0,0.9355,0.1993,0.0832,315.25,0.1327,4787.5495,4373.7594,0.56,1924.4541
01211,網走市,9520.0,0.9045,0.1656,0.0706,132.75,0.1085,1558.8918,1443.7409,0.56,635.246
01212,留萌市,5634.0,0.9037,0.1601,0.0517,64.5,0.0896,879.7391,831.8122,0.56,365.9973
01213,苫小牧市,43081.0,0.9424,0.2724,0.0842,1098.75,0.1194,12156.8033,11094.8232,0.56,4881.7222
01214,稚内市,9615.0,0.9158,0.184,0.0246,88.0,0.0724,1707.8056,1661.6556,0.56,731.1285
01215,美唄市,6615.0,0.9326,0.0941,0.0631,70.25,0.0865,650.841,608.119,0.56,267.5724
01216,芦別市,4287.0,0.9127,0.1036,0.0669,12.0,0.0933,417.445,389.193,0.56,171.2449
01217,江別市,32896.0,0.9444,0.2733,0.0755,1081.25,0.1125,9573.5474,8811.1777,0.56,3876.9182
01218,赤平市,2675.0,0.9336,0.0901,0.0785,8.5,0.111,233.407,214.8109,0.56,94.5168
01219,紋別市,7434.0,0.8686,0.1155,0.0546,68.5,0.0839,814.5811,768.1135,0.56,337.9699
01220,士別市,5938.0,0.9416,0.1705,0.0815,73.5,0.1093,1026.7988,941.0282,0.56,414.0524
01221,名寄市,7893.0,0.913,0.1846,0.0718,139.0,0.1013,1469.1774,1359.5237,0.56,598.1904
01222,三笠市,2524.0,0.9042,0.1311,0.0598,12.5,0.0914,311.6992,292.6704,0.56,128.775
01223,根室市,7661.0,0.9124,0.1694,0.0911,85.25,0.098,1269.3383,1153.1104,0.56,507.3686
01224,千歳市,23050.0,0.9355,0.3225,0.053,845.75,0.0685,7799.3836,7373.1896,0.56,3244.2034
01225,滝川市,11162.0,0.8931,0.1928,0.0663,102.0,0.0728,2023.6738,1888.8026,0.56,831.0731
01226,砂川市,4880.0,0.9203,0.1683,0.0753,55.25,0.1036,810.951,748.3096,0.56,329.2562
01227,歌志内市,599.0,0.9508,0.0754,0.0775,3.5,0.1083,46.4194,42.7125,0.56,18.7935
01228,深川市,6347.0,0.9223,0.162,0.0794,87.25,0.0741,1035.4299,953.7077,0.56,419.6314
01229,富良野市,6044.0,0.9199,0.2102,0.0722,108.25,0.0995,1276.9708,1181.8299,0.56,520.0052
01230,登別市,14561.0,0.9036,0.2157,0.0868,218.25,0.1295,3055.6745,2781.1133,0.56,1223.6898
01231,恵庭市,18943.0,0.959,0.2491,0.0778,539.0,0.0833,5065.0905,4667.9587,0.56,2053.9018
01233,伊達市,10345.0,0.897,0.2282,0.091,142.0,0.1517,2259.6039,2045.3667,0.56,899.9613
01234,北広島市,17140.0,0.9658,0.2116,0.0651,401.25,0.0852,3903.1051,3641.0191,0.56,1602.0484
01235,石狩市,18438.0,0.9435,0.225,0.0475,546.25,0.0728,4459.552,4233.953,0.56,1862.9393
01236,北斗市,12991.0,0.9284,0.3181,0.0661,241.0,0.082,4077.3762,3803.84,0.56,1673.6896
01303,当別町,5254.0,0.9048,0.2078,0.1062,179.75,0.0897,1167.3759,1046.3818,0.56,460.408
01304,新篠津村,790.0,0.9048,0.2078,0.1062,12.25,0.0897,160.751,143.8842,0.56,63.3091
01331,松前町,2600.0,0.9048,0.2078,0.1062,0.0,0.0897,488.7376,436.8444,0.56,192.2115
01332,福島町,1534.0,0.9048,0.2078,0.1062,8.5,0.0897,296.8552,265.4754,0.56,116.8092
01333,知内町,1400.0,0.9048,0.2078,0.1062,1.0,0.0897,264.1664,236.1342,0.56,103.899
01334,木古内町,1474.0,0.9048,0.2078,0.1062,9.0,0.0897,286.0766,255.8496,0.56,112.5738
01337,七飯町,9091.0,0.9048,0.2078,0.1062,205.25,0.0897,1914.1398,1714.2751,0.56,754.281
01343,鹿部町,1207.0,0.9048,0.2078,0.1062,3.75,0.0897,230.637,206.2101,0.56,90.7324
01345,森町,4885.0,0.9048,0.2078,0.1062,54.0,0.0897,972.2627,869.9177,0.56,382.7638
01346,八雲町,4877.0,0.9048,0.2078,0.1062,49.75,0.0897,966.5089,864.705,0.56,380.4702
01347,長万部町,1795.0,0.9048,0.2078,0.1062,22.75,0.0897,360.1669,322.2992,0.56,141.8116
01361,江差町,2158.0,0.9048,0.2078,0.1062,15.25,0.0897,420.9022,376.4624,0.56,165.6435
01362,上ノ国町,1597.0,0.9048,0.2078,0.1062,12.25,0.0897,312.4477,279.474,0.56,122.9686
01363,厚沢部町,1212.0,0.9048,0.2078,0.1062,11.75,0.0897,239.5769,214.3323,0.56,94.3062
01364,乙部町,1237.0,0.9048,0.2078,0.1062,8.5,0.0897,241.0263,215.5744,0.56,94.8527
01367,奥尻町,850.0,0.9048,0.2078,0.1062,3.25,0.0897,163.0296,145.7729,0.56,64.1401
01370,今金町,1556.0,0.9048,0.2078,0.1062,17.5,0.0897,309.9907,277.3642,0.56,122.0403
01371,せたな町,2658.0,0.9048,0.2078,0.1062,4.0,0.0897,503.6402,450.2305,0.56,198.1014
01391,島牧村,487.0,0.9048,0.2078,0.1062,2.75,0.0897,94.2943,84.3275,0.56,37.1041
01392,寿都町,862.0,0.9048,0.2078,0.1062,6.0,0.0897,168.0353,150.2923,0.56,66.1286
01393,黒松内町,748.0,0.9048,0.2078,0.1062,11.75,0.0897,152.356,136.3724,0.56,60.0038
01394,蘭越町,1521.0,0.9048,0.2078,0.1062,35.0,0.0897,320.9115,287.4132,0.56,126.4618
01395,ニセコ町,1378.0,0.9048,0.2078,0.1062,141.25,0.0897,400.2809,360.1024,0.56,158.4451
01396,真狩村,579.0,0.9048,0.2078,0.1062,20.0,0.0897,128.8381,115.4872,0.56,50.8144
01397,留寿都村,412.0,0.9048,0.2078,0.1062,6.5,0.0897,83.9461,75.1398,0.56,33.0615
01398,喜茂別町,613.0,0.9048,0.2078,0.1062,14.25,0.0897,129.4793,115.9657,0.56,51.0249
01399,京極町,811.0,0.9048,0.2078,0.1062,11.5,0.0897,163.9485,146.7299,0.56,64.5612
01400,倶知安町,3495.0,0.9048,0.2078,0.1062,168.25,0.0897,825.2261,740.3717,0.56,325.7636
01401,共和町,1645.0,0.9048,0.2078,0.1062,25.0,0.0897,334.2205,299.1447,0.56,131.6237
01402,岩内町,3707.0,0.9048,0.2078,0.1062,49.75,0.0897,746.577,668.125,0.56,293.975
01403,泊村,453.0,0.9048,0.2078,0.1062,5.75,0.0897,90.9031,81.3458,0.56,35.7921
01404,神恵内村,282.0,0.9048,0.2078,0.1062,2.75,0.0897,55.7592,49.884,0.56,21.949
01405,積丹町,764.0,0.9048,0.2078,0.1062,3.0,0.0897,146.6137,131.0958,0.56,57.6822
01406,古平町,945.0,0.9048,0.2078,0.1062,8.75,0.0897,186.3873,166.741,0.56,73.366
01407,仁木町,1010.0,0.9048,0.2078,0.1062,17.5,0.0897,207.3558,185.6269,0.56,81.6758
01408,余市町,5796.0,0.9048,0.2078,0.1062,68.0,0.0897,1157.5089,1035.725,0.56,455.719
01409,赤井川村,277.0,0.9048,0.2078,0.1062,14.25,0.0897,66.3194,59.512,0.56,26.1853
01423,南幌町,2554.0,0.9048,0.2078,0.1062,245.0,0.0897,725.0907,652.1305,0.56,286.9374
01424,奈井江町,1624.0,0.9048,0.2078,0.1062,29.75,0.0897,335.023,299.9401,0.56,131.9736
01425,上砂川町,609.0,0.9048,0.2078,0.1062,0.5,0.0897,114.9774,102.7775,0.56,45.2221
01427,由仁町,1602.0,0.9048,0.2078,0.1062,18.0,0.0897,319.1375,285.5481,0.56,125.6412
01428,長沼町,3224.0,0.9048,0.2078,0.1062,79.0,0.0897,685.0346,613.598,0.56,269.9831
01429,栗山町,3390.0,0.9048,0.2078,0.1062,75.5,0.0897,712.7386,638.3029,0.56,280.8533
01430,月形町,887.0,0.9048,0.2078,0.1062,6.5,0.0897,173.2347,154.9479,0.56,68.1771
01431,浦臼町,534.0,0.9048,0.2078,0.1062,16.75,0.0897,117.1292,104.9681,0.56,46.1859
01432,新十津川町,2026.0,0.9048,0.2078,0.1062,21.75,0.0897,402.5894,360.2009,0.56,158.4884
01433,妹背牛町,936.0,0.9048,0.2078,0.1062,11.5,0.0897,187.4455,167.732,0.56,73.8021
01434,秩父別町,713.0,0.9048,0.2078,0.1062,12.0,0.0897,146.0269,130.7194,0.56,57.5165
01436,雨竜町,619.0,0.9048,0.2078,0.1062,5.5,0.0897,121.8571,109.009,0.56,47.964
01437,北竜町,526.0,0.9048,0.2078,0.1062,6.0,0.0897,104.8754,93.8386,0.56,41.289
01438,沼田町,864.0,0.9048,0.2078,0.1062,11.0,0.0897,173.4113,155.1797,0.56,68.2791
01452,鷹栖町,2270.0,0.9048,0.2078,0.1062,35.0,0.0897,461.7055,413.258,0.56,181.8335
01453,東神楽町,3262.0,0.9048,0.2078,0.1062,35.75,0.0897,648.9277,580.6137,0.56,255.47
01454,当麻町,2299.0,0.9048,0.2078,0.1062,65.25,0.0897,497.4068,445.666,0.56,196.0931
01455,比布町,1154.0,0.9048,0.2078,0.1062,18.0,0.0897,234.9243,210.2765,0.56,92.5216
01456,愛別町,896.0,0.9048,0.2078,0.1062,6.0,0.0897,174.4265,156.0049,0.56,68.6422
01457,上川町,1180.0,0.9048,0.2078,0.1062,0.25,0.0897,222.0617,198.4877,0.56,87.3346
01458,東川町,2537.0,0.9048,0.2078,0.1062,189.0,0.0897,665.8951,598.2994,0.56,263.2517
01459,美瑛町,3232.0,0.9048,0.2078,0.1062,87.5,0.0897,695.0384,622.6794,0.56,273.9789
01460,上富良野町,2910.0,0.9048,0.2078,0.1062,49.0,0.0897,596.0102,533.5327,0.56,234.7544
01461,中富良野町,1400.0,0.9048,0.2078,0.1062,42.75,0.0897,305.9164,274.1377,0.56,120.6206
01462,南富良野町,479.0,0.9048,0.2078,0.1062,8.75,0.0897,98.7905,88.445,0.56,38.9158
01463,占冠村,251.0,0.9048,0.2078,0.1062,8.5,0.0897,55.682,49.9095,0.56,21.9602
01464,和寒町,1038.0,0.9048,0.2078,0.1062,12.0,0.0897,207.1191,185.3249,0.56,81.543
01465,剣淵町,884.0,0.9048,0.2078,0.1062,6.75,0.0897,172.9208,154.6714,0.56,68.0554
01468,下川町,988.0,0.9048,0.2078,0.1062,6.5,0.0897,192.2203,171.9176,0.56,75.6437
01469,美深町,1329.0,0.9048,0.2078,0.1062,9.0,0.0897,258.8201,231.4871,0.56,101.8543
01470,音威子府村,153.0,0.9048,0.2078,0.1062,0.0,0.0897,28.7603,25.7066,0.56,11.3109
01471,中川町,427.0,0.9048,0.2078,0.1062,3.0,0.0897,83.2658,74.4741,0.56,32.7686
01472,幌加内町,366.0,0.9048,0.2078,0.1062,0.5,0.0897,69.2992,61.9494,0.56,27.2577
01481,増毛町,1376.0,0.9048,0.2078,0.1062,5.75,0.0897,264.405,236.4255,0.56,104.0272
01482,小平町,951.0,0.9048,0.2078,0.1062,14.0,0.0897,192.7652,172.5279,0.56,75.9123
01483,苫前町,965.0,0.9048,0.2078,0.1062,6.5,0.0897,187.8968,168.0532,0.56,73.9434
01484,羽幌町,2278.0,0.9048,0.2078,0.1062,7.5,0.0897,435.7093,389.5699,0.56,171.4108
01485,初山別村,336.0,0.9048,0.2078,0.1062,0.0,0.0897,63.1599,56.4537,0.56,24.8396
01486,遠別町,787.0,0.9048,0.2078,0.1062,7.0,0.0897,154.9371,138.6013,0.56,60.9846
01487,天塩町,930.0,0.9048,0.2078,0.1062,0.0,0.0897,174.8177,156.2559,0.56,68.7526
01511,猿払村,691.0,0.9048,0.2078,0.1062,37.75,0.0897,167.6414,150.4623,0.56,66.2034
01512,浜頓別町,1093.0,0.9048,0.2078,0.1062,6.5,0.0897,211.9578,189.5594,0.56,83.4061
01513,中頓別町,463.0,0.9048,0.2078,0.1062,0.5,0.0897,87.5329,78.247,0.56,34.4287
01514,枝幸町,2393.0,0.9048,0.2078,0.1062,36.5,0.0897,486.3266,435.2895,0.56,191.5274
01516,豊富町,1150.0,0.9048,0.2078,0.1062,14.5,0.0897,230.6724,206.4185,0.56,90.8241
01517,礼文町,816.0,0.9048,0.2078,0.1062,8.25,0.0897,161.6384,144.6116,0.56,63.6291
01518,利尻町,700.0,0.9048,0.2078,0.1062,3.0,0.0897,134.5832,120.3427,0.56,52.9508
01519,利尻富士町,817.0,0.9048,0.2078,0.1062,6.0,0.0897,159.5764,142.7315,0.56,62.8019
01520,幌延町,555.0,0.9048,0.2078,0.1062,5.5,0.0897,109.8267,98.2559,0.56,43.2326
01543,美幌町,6047.0,0.9048,0.2078,0.1062,55.5,0.0897,1192.1909,1066.519,0.56,469.2683
01544,津別町,1627.0,0.9048,0.2078,0.1062,20.5,0.0897,326.3369,292.0242,0.56,128.4907
01545,斜里町,3509.0,0.9048,0.2078,0.1062,61.75,0.0897,721.3578,645.7808,0.56,284.1435
01546,清里町,1208.0,0.9048,0.2078,0.1062,23.25,0.0897,250.325,224.1283,0.56,98.6164
01547,小清水町,1501.0,0.9048,0.2078,0.1062,23.5,0.0897,305.652,273.5849,0.56,120.3773
01549,訓子府町,1499.0,0.9048,0.2078,0.1062,28.75,0.0897,310.526,278.0277,0.56,122.3322
01550,置戸町,924.0,0.9048,0.2078,0.1062,6.25,0.0897,179.9398,160.9369,0.56,70.8123
01552,佐呂間町,1629.0,0.9048,0.2078,0.1062,18.5,0.0897,324.7129,290.5397,0.56,127.8375
01555,遠軽町,6344.0,0.9048,0.2078,0.1062,60.25,0.0897,1252.7697,1120.7438,0.56,493.1273
01559,湧別町,2822.0,0.9048,0.2078,0.1062,56.0,0.0897,586.4683,525.119,0.56,231.0524
01560,滝上町,854.0,0.9048,0.2078,0.1062,0.0,0.0897,160.5315,143.4866,0.56,63.1341
01561,興部町,1184.0,0.9048,0.2078,0.1062,26.5,0.0897,249.0636,223.0542,0.56,98.1439
01562,西興部村,226.0,0.9048,0.2078,0.1062,0.25,0.0897,42.7326,38.1994,0.56,16.8077
01563,雄武町,1339.0,0.9048,0.2078,0.1062,17.0,0.0897,268.6999,240.4494,0.56,105.7977
01564,大空町,2050.0,0.9048,0.2078,0.1062,45.0,0.0897,430.3508,385.3969,0.56,169.5746
01571,豊浦町,1040.0,0.9048,0.2078,0.1062,15.25,0.0897,210.745,188.6193,0.56,82.9925
01575,壮瞥町,620.0,0.9048,0.2078,0.1062,13.0,0.0897,129.5451,116.004,0.56,51.0418
01578,白老町,5899.0,0.9048,0.2078,0.1062,43.0,0.0897,1151.8704,1030.2741,0.56,453.3206
01581,厚真町,1314.0,0.9048,0.2078,0.1062,29.25,0.0897,276.2505,247.3997,0.56,108.8559
01584,洞爺湖町,2561.0,0.9048,0.2078,0.1062,37.0,0.0897,518.4065,463.9715,0.56,204.1475
01585,安平町,2380.0,0.9048,0.2078,0.1062,59.25,0.0897,506.6329,453.8138,0.56,199.6781
01586,むかわ町,2473.0,0.9048,0.2078,0.1062,35.0,0.0897,499.8646,447.3655,0.56,196.8408
01601,日高町,3495.0,0.9048,0.2078,0.1062,29.0,0.0897,685.9761,613.6174,0.56,269.9916
01602,平取町,1551.0,0.9048,0.2078,0.1062,26.5,0.0897,318.0508,284.7165,0.56,125.2753
01604,新冠町,1639.0,0.9048,0.2078,0.1062,14.25,0.0897,322.3427,288.3513,0.56,126.8746
01607,浦河町,3501.0,0.9048,0.2078,0.1062,51.0,0.0897,709.104,634.6513,0.56,279.2466
01608,様似町,1453.0,0.9048,0.2078,0.1062,10.5,0.0897,283.6291,253.6866,0.56,111.6221
01609,えりも町,1357.0,0.9048,0.2078,0.1062,3.5,0.0897,258.5834,231.1851,0.56,101.7214
01610,新ひだか町,6354.0,0.9048,0.2078,0.1062,57.0,0.0897,1251.3995,1119.4656,0.56,492.5649
01631,音更町,13205.0,0.9048,0.2078,0.1062,346.75,0.0897,2828.973,2534.2998,0.56,1115.0919
01632,士幌町,1687.0,0.9048,0.2078,0.1062,39.25,0.0897,356.3655,319.1727,0.56,140.436
01633,上士幌町,1605.0,0.9048,0.2078,0.1062,27.5,0.0897,329.2015,294.6997,0.56,129.6679
01634,鹿追町,1528.0,0.9048,0.2078,0.1062,25.0,0.0897,312.2273,279.4867,0.56,122.9742
01635,新得町,1736.0,0.9048,0.2078,0.1062,21.75,0.0897,348.0763,311.4759,0.56,137.0494
01636,清水町,2976.0,0.9048,0.2078,0.1062,37.25,0.0897,596.6666,533.9262,0.56,234.9275
01637,芽室町,5446.0,0.9048,0.2078,0.1062,193.0,0.0897,1216.7173,1090.7021,0.56,479.9089
01638,中札内村,1052.0,0.9048,0.2078,0.1062,55.75,0.0897,253.5007,227.5012,0.56,100.1005
01639,更別村,877.0,0.9048,0.2078,0.1062,36.25,0.0897,201.1049,180.3481,0.56,79.3532
01641,大樹町,1582.0,0.9048,0.2078,0.1062,32.0,0.0897,329.378,294.9315,0.56,129.7699
01642,広尾町,2091.0,0.9048,0.2078,0.1062,15.25,0.0897,408.3078,365.2053,0.56,160.6903
01643,幕別町,8400.0,0.9048,0.2078,0.1062,221.75,0.0897,1800.7484,1613.1947,0.56,709.8057
01644,池田町,2248.0,0.9048,0.2078,0.1062,29.75,0.0897,452.32,404.7828,0.56,178.1044
01645,豊頃町,935.0,0.9048,0.2078,0.1062,20.5,0.0897,196.2576,175.7564,0.56,77.3328
01646,本別町,2221.0,0.9048,0.2078,0.1062,20.75,0.0897,438.2447,392.0539,0.56,172.5037
01647,足寄町,2178.0,0.9048,0.2078,0.1062,19.75,0.0897,429.1617,383.9189,0.56,168.9243
01648,陸別町,664.0,0.9048,0.2078,0.1062,6.25,0.0897,131.0661,117.2525,0.56,51.5911
01649,浦幌町,1403.0,0.9048,0.2078,0.1062,11.25,0.0897,274.9803,245.9684,0.56,108.2261
01661,釧路町,5774.0,0.9048,0.2078,0.1062,88.75,0.0897,1174.1234,1050.9166,0.56,462.4033
01662,厚岸町,2958.0,0.9048,0.2078,0.1062,64.25,0.0897,620.283,555.479,0.56,244.4108
01663,浜中町,1743.0,0.9048,0.2078,0.1062,20.0,0.0897,347.6422,311.0591,0.56,136.866
01664,標茶町,2393.0,0.9048,0.2078,0.1062,39.5,0.0897,489.3266,438.0203,0.56,192.7289
01665,弟子屈町,2262.0,0.9048,0.2078,0.1062,16.25,0.0897,441.4517,394.8464,0.56,173.7324
01667,鶴居村,802.0,0.9048,0.2078,0.1062,24.25,0.0897,175.0068,156.8236,0.56,69.0024
01668,白糠町,2666.0,0.9048,0.2078,0.1062,30.25,0.0897,531.394,475.469,0.56,209.2064
01691,別海町,4407.0,0.9048,0.2078,0.1062,42.0,0.0897,870.4102,778.6824,0.56,342.6203
01692,中標津町,6830.0,0.9048,0.2078,0.1062,181.75,0.0897,1465.6261,1312.9973,0.56,577.7188
01693,標津町,1532.0,0.9048,0.2078,0.1062,28.5,0.0897,316.4792,283.3447,0.56,124.6717
01694,羅臼町,1355.0,0.9048,0.2078,0.1062,9.0,0.0897,263.7075,235.8555,0.56,103.7764
