bid,city,town,muni,sapporo,area,lat,lon
r000,紋別市,上渚滑町七丁目,01219,False,132,44.24599,143.257626
r001,函館市,湯浜町,01202,False,71,41.775708,140.775558
r002,札幌市北区,篠路三条八丁目,01102,True,207,43.144579,141.367041
r003,札幌市北区,新琴似一条四丁目,01102,True,82,43.104749,141.319804
r004,京極町,字三崎,01399,False,198,42.858439,140.901933
r005,洞爺湖町,字入江,01584,False,102,42.535848,140.78838
r006,江別市,若草町,01217,False,112,43.11029,141.544369
r007,伊達市,舟岡町,01233,False,115,42.461511,140.874124
r008,網走市,字天都山,01211,False,168,44.00964,144.246178
r009,音更町,共栄台東十丁目,01631,False,70,42.953872,143.199148
r010,札幌市中央区,界川二丁目,01101,True,187,43.034899,141.315656
r011,美瑛町,字御牧,01459,False,74,43.51776,142.53498
r012,札幌市北区,屯田八条七丁目,01102,True,90,43.141041,141.330649
r013,札幌市西区,西野五条八丁目,01107,True,105,43.074111,141.266691
r014,下川町,西町中成北,01468,False,146,44.304388,142.624073
r015,網走市,緑町,01211,False,112,44.023011,144.254684
r016,函館市,昭和町,01202,False,172,41.816911,140.725623
r017,釧路市,大川町,01206,False,116,42.981609,144.390552
r018,札幌市北区,屯田三条一丁目,01102,True,226,43.124642,141.343459
r019,札幌市豊平区,月寒西二条六丁目,01105,True,116,43.031557,141.391934
r020,千歳市,福住三丁目,01224,False,118,42.778007,141.593753
r021,名寄市,風連町字瑞生,01221,False,198,44.301343,142.386373
r022,江別市,野幌松並町,01217,False,114,43.086351,141.518503
r023,旭川市,永山四条十四丁目,01204,False,58,43.803555,142.426663
r024,中標津町,計根別,01692,False,117,43.490112,144.813516
r025,厚岸町,光栄,01662,False,172,43.079173,144.812951
r026,砂川市,西一条北十一丁目,01226,False,109,43.504636,141.909263
r027,根室市,駒場町二丁目,01223,False,71,43.343616,145.592721
r028,深川市,六条,01228,False,57,43.718959,142.049262
r029,旭川市,永山九条十三丁目,01204,False,73,43.796594,142.429862
r030,札幌市南区,真駒内上町二丁目,01106,True,121,42.995565,141.350649
r031,恵庭市,島松仲町一丁目,01231,False,72,42.920331,141.575328
r032,岩見沢市,美園四条五丁目,01210,False,113,43.18809,141.761787
r033,小樽市,松ケ枝一丁目,01203,False,59,43.178797,140.991045
r034,帯広市,西一九条南三丁目,01207,False,121,42.914273,143.152896
r035,音更町,柳町南区,01631,False,124,42.968168,143.215421
r036,旭川市,近文町十四丁目,01204,False,77,43.782595,142.330942
r037,苫小牧市,東開町三丁目,01213,False,81,42.664868,141.685425
r038,美唄市,西一条北六丁目,01215,False,111,43.340093,141.861268
r039,旭川市,豊岡三条七丁目,01204,False,52,43.758336,142.415234
r040,旭川市,神楽岡五条六丁目,01204,False,190,43.741505,142.37328
r041,訓子府町,字日出,01549,False,150,43.751242,143.790486
r042,札幌市手稲区,新発寒六条九丁目,01109,True,66,43.124031,141.268793
r043,江別市,大麻新町,01217,False,95,43.083826,141.505888
r044,札幌市東区,北三十四条東二十三丁目,01103,True,66,43.103647,141.381075
r045,由仁町,岩内,01427,False,158,42.986549,141.830472
r046,七飯町,字中野,01337,False,108,41.854468,140.712542
r047,札幌市清田区,北野七条二丁目,01110,True,73,43.023094,141.43625
r048,札幌市北区,南あいの里四丁目,01102,True,79,43.154737,141.396825
r049,旭川市,曙北三条六丁目,01204,False,152,43.772227,142.341992
r050,札幌市南区,石山東三丁目,01106,True,54,42.964864,141.34618
r051,釧路市,文苑二丁目,01206,False,67,43.020454,144.378964
r052,八雲町,落部,01346,False,52,42.191397,140.426163
r053,札幌市清田区,清田三条二丁目,01110,True,75,43.001342,141.429056
r054,札幌市北区,西茨戸七条,01102,True,71,43.162182,141.35179
r055,室蘭市,増市町一丁目,01205,False,94,42.324717,140.951367
r056,札幌市厚別区,厚別北二条三丁目,01108,True,141,43.055933,141.477832
r057,札幌市東区,北四十八条東三丁目,01103,True,61,43.118372,141.347753
r058,苫小牧市,明野新町二丁目,01213,False,104,42.655416,141.626587
r059,函館市,桔梗町,01202,False,72,41.849539,140.747333
r060,千歳市,弥生二丁目,01224,False,107,42.832961,141.681325
r061,札幌市厚別区,厚別北四条五丁目,01108,True,63,43.062359,141.476881
r062,音更町,雄飛が丘南区,01631,False,98,42.995635,143.191201
r063,旭川市,春光台四条二丁目,01204,False,79,43.81774,142.3478
r064,札幌市白石区,北郷七条九丁目,01104,True,71,43.063284,141.42973
r065,赤平市,大町三丁目,01218,False,124,43.553923,142.053679
r066,えりも町,字本町,01609,False,151,42.02515,143.174798
r067,釧路市,鳥取北四丁目,01206,False,95,43.017061,144.351343
r068,芽室町,坂の上,01637,False,135,42.839467,143.026719
r069,北見市,高栄東町一丁目,01208,False,119,43.81169,143.871907
r070,釧路市,白金町,01206,False,54,42.99449,144.379251
r071,江別市,大麻園町,01217,False,62,43.082697,141.496311
r072,中標津町,東十七条南一丁目,01692,False,61,43.556269,144.989477
r073,清水町,本通三丁目,01636,False,73,43.014907,142.88194
r074,帯広市,東一条南十五丁目,01207,False,128,42.906917,143.20866
r075,石狩市,樽川九条二丁目,01235,False,55,43.146495,141.274012
r076,北見市,美山町西五丁目,01208,False,83,43.826018,143.875734
r077,岩見沢市,栄町三丁目,01210,False,127,43.219463,141.802038
r078,七飯町,大川五丁目,01337,False,238,41.863456,140.722638
r079,室蘭市,天神町,01205,False,95,42.371967,141.02378
r080,北広島市,虹ヶ丘五丁目,01234,False,121,43.018388,141.492434
r081,恵庭市,恵み野東三丁目,01231,False,83,42.903235,141.592675
r082,札幌市豊平区,平岸四条十一丁目,01105,True,223,43.029756,141.374836
r083,伊達市,松ヶ枝町,01233,False,50,42.47914,140.888815
r084,えりも町,字東洋,01609,False,126,41.952941,143.213925
r085,池田町,字千代田,01644,False,128,42.942658,143.345469
r086,札幌市北区,新川四条七丁目,01102,True,51,43.104743,141.312686
r087,下川町,南町末広町,01468,False,238,44.299231,142.639327
r088,大樹町,松山町,01641,False,120,42.494327,143.285115
r089,札幌市南区,石山二条二丁目,01106,True,249,42.970125,141.340421
r090,陸別町,字共栄第一南,01648,False,150,43.46415,143.749462
r091,訓子府町,若富町,01549,False,119,43.726476,143.732658
r092,古平町,大字丸山町,01406,False,88,43.28128,140.639491
r093,帯広市,西一三条南三十四丁目,01207,False,86,42.892451,143.185207
r094,札幌市清田区,清田六条三丁目,01110,True,73,42.991435,141.432065
r095,厚沢部町,新町,01363,False,133,41.92063,140.228753
r096,浦河町,字上向別,01607,False,123,42.238299,142.822354
r097,函館市,五稜郭町,01202,False,138,41.796946,140.755744
r098,岩見沢市,北村栄町,01210,False,115,43.273185,141.70274
r099,釧路市,白樺台五丁目,01206,False,97,42.960459,144.451466
r100,新ひだか町,静内神森,01610,False,158,42.358799,142.379691
r101,札幌市北区,篠路二条十丁目,01102,True,87,43.140506,141.373935
r102,江別市,野幌屯田町,01217,False,67,43.095224,141.51326
r103,札幌市北区,屯田三条二丁目,01102,True,104,43.126551,141.34131
r104,恵庭市,柏木町五丁目,01231,False,86,42.890452,141.564194
r105,札幌市北区,新川五条六丁目,01102,True,101,43.103982,141.316844
r106,石狩市,花畔,01235,False,105,43.172047,141.305486
r107,北見市,錦町,01208,False,85,43.786739,143.877284
r108,新ひだか町,静内木場町二丁目,01610,False,106,42.341188,142.353226
r109,札幌市東区,東苗穂九条一丁目,01103,True,206,43.101596,141.409245
r110,妹背牛町,字妹背牛一区,01433,False,115,43.692524,141.962737
r111,札幌市東区,東苗穂十条三丁目,01103,True,107,43.0993,141.420156
r112,旭川市,東光二条十丁目,01204,False,62,43.752134,142.423824
r113,釧路市,武佐一丁目,01206,False,95,42.976627,144.428404
r114,幕別町,字途別,01643,False,56,42.863213,143.225244
r115,苫小牧市,澄川町一丁目,01213,False,72,42.621452,141.517655
r116,函館市,海岸町,01202,False,137,41.780608,140.729263
r117,札幌市清田区,平岡四条六丁目,01110,True,63,42.998814,141.463728
r118,清里町,字神威,01546,False,110,43.813191,144.536119
r119,札幌市手稲区,新発寒五条六丁目,01109,True,72,43.117599,141.271758
r120,札幌市豊平区,月寒西四条六丁目,01105,True,123,43.028839,141.388024
r121,函館市,神山町,01202,False,60,41.82606,140.76616
r122,苫小牧市,明徳町三丁目,01213,False,61,42.612382,141.483985
r123,苫小牧市,幸町一丁目,01213,False,109,42.629292,141.591758
r124,苫小牧市,弥生町二丁目,01213,False,105,42.628757,141.578915
r125,函館市,神山一丁目,01202,False,93,41.815968,140.762456
r126,室蘭市,高砂町一丁目,01205,False,69,42.359518,141.039988
r127,岩内町,字大浜,01402,False,59,42.990692,140.521473
r128,江別市,ゆめみ野南町,01217,False,77,43.09957,141.563761
r129,広尾町,西二条二丁目,01642,False,88,42.282835,143.315929
r130,旭川市,末広二条九丁目,01204,False,88,43.812793,142.393058
r131,苫小牧市,泉町一丁目,01213,False,114,42.655727,141.608836
r132,東神楽町,北二条東,01453,False,115,43.699888,142.456812
r133,札幌市南区,南沢二条一丁目,01106,True,70,42.984851,141.326544
r134,室蘭市,新富町一丁目,01205,False,120,42.311842,140.985628
r135,札幌市北区,篠路七条六丁目,01102,True,89,43.15217,141.363261
r136,室蘭市,本輪西町四丁目,01205,False,92,42.369506,140.983302
r137,南幌町,緑町三丁目,01423,False,75,43.062137,141.65835
r138,札幌市中央区,南二十四条西七丁目,01101,True,50,43.027528,141.351094
r139,札幌市東区,北二十二条東九丁目,01103,True,72,43.090214,141.364249
r140,根室市,西浜町一丁目,01223,False,166,43.320499,145.572084
r141,函館市,日吉町四丁目,01202,False,52,41.801076,140.790302
r142,登別市,桜木町三丁目,01230,False,82,42.406299,141.089039
r143,士幌町,字士幌,01632,False,135,43.171595,143.301901
r144,札幌市豊平区,西岡二条十丁目,01105,True,98,43.003325,141.379426
r145,札幌市東区,丘珠町,01103,True,147,43.12062,141.396443
r146,旭川市,忠和八条五丁目,01204,False,156,43.77096,142.315536
r147,釧路市,緑ケ岡六丁目,01206,False,94,42.98664,144.415925
r148,帯広市,西二一条南四丁目,01207,False,102,42.908124,143.141003
r149,釧路町,若葉三丁目,01661,False,90,43.01011,144.418998
