bid,muni,city,sapporo,label
r000,01219,紋別市,false,notHouse
r001,01202,函館市,false,notHouse
r002,01102,札幌市北区,true,pitched
r003,01102,札幌市北区,true,unsure
r004,01399,京極町,false,pitched
r005,01584,洞爺湖町,false,unsure
r006,01217,江別市,false,pitched
r007,01233,伊達市,false,unsure
r008,01211,網走市,false,pitched
r009,01631,音更町,false,notHouse
r010,01101,札幌市中央区,true,flat
r011,01459,美瑛町,false,flat
r012,01102,札幌市北区,true,unsure
r013,01107,札幌市西区,true,flat
r014,01468,下川町,false,flat
r015,01211,網走市,false,pitched
r016,01202,函館市,false,notHouse
r017,01206,釧路市,false,flat
r018,01102,札幌市北区,true,flat
r019,01105,札幌市豊平区,true,unsure
r020,01224,千歳市,false,notHouse
r021,01221,名寄市,false,pitched
r022,01217,江別市,false,flat
r023,01204,旭川市,false,notHouse
r024,01692,中標津町,false,notHouse
r025,01662,厚岸町,false,pitched
r026,01226,砂川市,false,flat
r027,01223,根室市,false,flat
r028,01228,深川市,false,unsure
r029,01204,旭川市,false,flat
r030,01106,札幌市南区,true,flat
r031,01231,恵庭市,false,notHouse
r032,01210,岩見沢市,false,unsure
r033,01203,小樽市,false,flat
r034,01207,帯広市,false,flat
r035,01631,音更町,false,flat
r036,01204,旭川市,false,notHouse
r037,01213,苫小牧市,false,unsure
r038,01215,美唄市,false,pitched
r039,01204,旭川市,false,unsure
r040,01204,旭川市,false,flat
r041,01549,訓子府町,false,pitched
r042,01109,札幌市手稲区,true,unsure
r043,01217,江別市,false,flat
r044,01103,札幌市東区,true,flat
r045,01427,由仁町,false,flat
r046,01337,七飯町,false,flat
r047,01110,札幌市清田区,true,notHouse
r048,01102,札幌市北区,true,flat
r049,01204,旭川市,false,flat
r050,01106,札幌市南区,true,unsure
r051,01206,釧路市,false,unsure
r052,01346,八雲町,false,unsure
r053,01110,札幌市清田区,true,unsure
r054,01102,札幌市北区,true,unsure
r055,01205,室蘭市,false,pitched
r056,01108,札幌市厚別区,true,flat
r057,01103,札幌市東区,true,flat
r058,01213,苫小牧市,false,flat
r059,01202,函館市,false,unsure
r060,01224,千歳市,false,unsure
r061,01108,札幌市厚別区,true,unsure
r062,01631,音更町,false,flat
r063,01204,旭川市,false,unsure
r064,01104,札幌市白石区,true,unsure
r065,01218,赤平市,false,flat
r066,01609,えりも町,false,unsure
r067,01206,釧路市,false,unsure
r068,01637,芽室町,false,notHouse
r069,01208,北見市,false,pitched
r070,01206,釧路市,false,unsure
r071,01217,江別市,false,unsure
r072,01692,中標津町,false,unsure
r073,01636,清水町,false,unsure
r074,01207,帯広市,false,flat
r075,01235,石狩市,false,unsure
r076,01208,北見市,false,flat
r077,01210,岩見沢市,false,flat
r078,01337,七飯町,false,unsure
r079,01205,室蘭市,false,unsure
r080,01234,北広島市,false,pitched
r081,01231,恵庭市,false,pitched
r082,01105,札幌市豊平区,true,unsure
r083,01233,伊達市,false,unsure
r084,01609,えりも町,false,notHouse
r085,01644,池田町,false,unsure
r086,01102,札幌市北区,true,unsure
r087,01468,下川町,false,pitched
r088,01641,大樹町,false,unsure
r089,01106,札幌市南区,true,flat
r090,01648,陸別町,false,unsure
r091,01549,訓子府町,false,unsure
r092,01406,古平町,false,notHouse
r093,01207,帯広市,false,flat
r094,01110,札幌市清田区,true,unsure
r095,01363,厚沢部町,false,notHouse
r096,01607,浦河町,false,flat
r097,01202,函館市,false,pitched
r098,01210,岩見沢市,false,unsure
r099,01206,釧路市,false,pitched
r100,01610,新ひだか町,false,flat
r101,01102,札幌市北区,true,notHouse
r102,01217,江別市,false,flat
r103,01102,札幌市北区,true,flat
r104,01231,恵庭市,false,unsure
r105,01102,札幌市北区,true,pitched
r106,01235,石狩市,false,unsure
r107,01208,北見市,false,unsure
r108,01610,新ひだか町,false,unsure
r109,01103,札幌市東区,true,flat
r110,01433,妹背牛町,false,flat
r111,01103,札幌市東区,true,flat
r112,01204,旭川市,false,flat
r113,01206,釧路市,false,unsure
r114,01643,幕別町,false,notHouse
r115,01213,苫小牧市,false,flat
r116,01202,函館市,false,flat
r117,01110,札幌市清田区,true,unsure
r118,01546,清里町,false,notHouse
r119,01109,札幌市手稲区,true,unsure
r120,01105,札幌市豊平区,true,pitched
r121,01202,函館市,false,unsure
r122,01213,苫小牧市,false,pitched
r123,01213,苫小牧市,false,flat
r124,01213,苫小牧市,false,flat
r125,01202,函館市,false,pitched
r126,01205,室蘭市,false,notHouse
r127,01402,岩内町,false,flat
r128,01217,江別市,false,unsure
r129,01642,広尾町,false,unsure
r130,01204,旭川市,false,unsure
r131,01213,苫小牧市,false,pitched
r132,01453,東神楽町,false,unsure
r133,01106,札幌市南区,true,unsure
r134,01205,室蘭市,false,pitched
r135,01102,札幌市北区,true,unsure
r136,01205,室蘭市,false,pitched
r137,01423,南幌町,false,notHouse
r138,01101,札幌市中央区,true,unsure
r139,01103,札幌市東区,true,unsure
r140,01223,根室市,false,pitched
r141,01202,函館市,false,unsure
r142,01230,登別市,false,pitched
r143,01632,士幌町,false,pitched
r144,01105,札幌市豊平区,true,unsure
r145,01103,札幌市東区,true,flat
r146,01204,旭川市,false,pitched
r147,01206,釧路市,false,pitched
r148,01207,帯広市,false,unsure
r149,01661,釧路町,false,unsure