bid,town,area,lat,lon,stratum
b023771,前田三条十丁目,61,43.121393,141.251544,top
b028260,前田一条四丁目,92,43.113011,141.259959,rest
b001476,星置南一丁目,79,43.131416,141.198273,rest
b010051,明日風一丁目,74,43.139027,141.231161,top
b030038,前田十条十丁目,85,43.131794,141.263473,rest
b000047,星置三条九丁目,142,43.140058,141.192831,top
b006315,稲穂二条六丁目,202,43.128137,141.216731,top
b025365,富丘一条四丁目,135,43.109515,141.255115,top
b016213,前田八条十七丁目,84,43.13924,141.245367,top
b036503,新発寒七条七丁目,73,43.123389,141.275271,rest
b028075,前田四条七丁目,71,43.119074,141.259197,top
b010168,明日風一丁目,79,43.13923,141.233444,top
b016867,前田五条十五丁目,107,43.130487,141.242884,top
b009746,明日風五丁目,183,43.144883,141.230646,top
b008849,稲穂一条四丁目,94,43.1257,141.224162,rest
b000606,星置三条七丁目,80,43.140118,141.198636,rest
b011889,曙十二条一丁目,66,43.148432,141.236231,top
b036267,新発寒二条一丁目,75,43.106437,141.271821,top
b031040,新発寒五条九丁目,131,43.122154,141.267107,rest
b030278,新発寒七条十一丁目,76,43.129058,141.2676,rest
b015316,前田十条十九丁目,60,43.145008,141.242458,top
b018324,富丘五条七丁目,75,43.110207,141.24108,top
b022646,前田十条十五丁目,91,43.138499,141.253582,top
b014693,手稲本町五条二丁目,63,43.113912,141.23716,top
b027469,前田八条九丁目,123,43.127415,141.261409,rest
b036066,新発寒一条二丁目,77,43.106628,141.269616,top
b033088,西宮の沢四条一丁目,155,43.095535,141.262589,top
b000172,星置三条八丁目,74,43.137759,141.193779,rest
b020603,前田四条十二丁目,62,43.124992,141.246963,top
b027433,前田八条十丁目,112,43.127691,141.260427,top
b010187,明日風一丁目,103,43.138923,141.232669,top
b032386,前田一条一丁目,69,43.107445,141.265849,rest
b004285,星置二条二丁目,97,43.136284,141.212275,rest
b028168,前田五条六丁目,95,43.119906,141.26187,top
b026446,前田十条十四丁目,80,43.136475,141.256902,top
b003755,星置三条四丁目,70,43.139692,141.207788,rest
b030993,新発寒六条十丁目,69,43.12469,141.267124,top
b027869,前田七条八丁目,79,43.124249,141.260923,rest
b024676,前田一条八丁目,113,43.115584,141.25238,rest
b019602,前田八条十五丁目,93,43.136986,141.249751,rest
b015502,前田十条十九丁目,68,43.145016,141.243585,rest
b004073,星置二条四丁目,102,43.135855,141.208998,rest
b016075,前田八条十八丁目,69,43.14076,141.24406,rest
b001383,星置一条六丁目,94,43.133675,141.200629,top
b033672,新発寒六条十丁目,99,43.125719,141.268472,top
b025641,富丘一条三丁目,68,43.108278,141.256081,top
b038317,新発寒七条三丁目,65,43.118835,141.282064,rest
b010075,明日風一丁目,70,43.138497,141.231398,top
b032860,西宮の沢三条二丁目,226,43.100181,141.26313,top
b029804,手稲前田,74,43.141628,141.263691,top
b008927,稲穂二条四丁目,58,43.124444,141.224452,top
b035076,新発寒四条五丁目,63,43.113492,141.267789,rest
b028373,富丘一条四丁目,79,43.110282,141.257423,rest
b031758,前田二条三丁目,56,43.112187,141.264265,top
b015630,前田九条十九丁目,88,43.143402,141.244466,rest
b031241,前田五条五丁目,169,43.118705,141.264699,top
b036112,新発寒一条一丁目,68,43.105888,141.269775,top
b022541,手稲前田,233,43.149676,141.251365,top
b029935,前田十一条,108,43.133805,141.2663,top
b033805,新発寒七条九丁目,115,43.125983,141.271225,top
b026678,前田十条十一丁目,69,43.133242,141.261263,top
b023969,前田五条九丁目,82,43.124088,141.256385,top
b010081,明日風一丁目,86,43.13848,141.231714,top
b028592,西宮の沢二条五丁目,63,43.107649,141.257555,top
b006422,稲穂四条六丁目,70,43.124575,141.213419,top
b017795,手稲本町二条三丁目,167,43.118081,141.243261,rest
b014672,手稲本町五条二丁目,145,43.114362,141.236522,rest
b025363,富丘一条四丁目,77,43.10988,141.254709,top
b008648,明日風三丁目,63,43.140604,141.226931,top
b002674,星置二条五丁目,68,43.135566,141.205395,top
b005641,星置一条一丁目,96,43.134324,141.216285,top
b009810,明日風五丁目,78,43.142686,141.230525,top
b005181,星置二条二丁目,80,43.137162,141.213432,top
b033079,西宮の沢四条一丁目,74,43.096468,141.26351,top
b023570,前田七条十丁目,55,43.126524,141.256502,rest
b020059,前田七条十四丁目,66,43.132218,141.250041,top
b002988,金山一条三丁目,65,43.130661,141.20401,rest
b005427,星置二条二丁目,97,43.136775,141.213638,rest
b009519,曙十二条二丁目,65,43.14697,141.231901,top
b008218,稲穂四条三丁目,75,43.11959,141.223159,rest
b007642,稲穂一条五丁目,98,43.127912,141.221842,top
b024715,前田一条八丁目,61,43.116319,141.253235,rest
b022832,前田九条十五丁目,150,43.135814,141.2526,top
b006822,星置三条一丁目,74,43.13926,141.218914,top
b005938,星置一条一丁目,64,43.132725,141.217548,top
b037050,新発寒六条五丁目,79,43.119835,141.276317,rest
b028550,前田一条三丁目,64,43.110152,141.261989,rest
b017736,手稲本町二条三丁目,149,43.118477,141.242045,rest
b029915,前田十一条,95,43.133883,141.265605,rest
b023213,前田八条十四丁目,70,43.133062,141.252481,top
b003072,金山一条三丁目,61,43.129436,141.204638,rest
b008441,明日風四丁目,59,43.141155,141.227792,top
b022553,手稲前田,83,43.148476,141.252768,rest
b007821,稲穂三条五丁目,72,43.124316,141.220362,rest
b006290,稲穂二条六丁目,92,43.128856,141.215897,rest
b011450,稲穂二条一丁目,62,43.122316,141.233127,top
b032552,西宮の沢二条三丁目,73,43.104182,141.262733,top
b038624,新発寒七条一丁目,59,43.116474,141.283854,rest
b025467,富丘二条四丁目,68,43.108505,141.252614,rest
b008161,稲穂四条四丁目,105,43.120432,141.222371,top
b032437,西宮の沢一条三丁目,87,43.106526,141.265549,rest
b023010,前田九条十四丁目,61,43.135308,141.254443,top
b005696,星置一条一丁目,111,43.134243,141.217369,top
b007052,星置三条一丁目,76,43.13865,141.221487,top
b020466,前田五条十二丁目,59,43.12609,141.249316,top
b008980,稲穂三条四丁目,102,43.122535,141.224577,rest
b011914,曙十一条二丁目,67,43.145325,141.235369,rest
b001273,星置一条七丁目,80,43.134287,141.1992,top
b038191,新発寒七条四丁目,77,43.119144,141.280848,rest
b021371,富丘二条七丁目,138,43.114028,141.247767,top
b005676,星置一条一丁目,76,43.133891,141.216839,top
b031155,前田五条五丁目,76,43.119214,141.263742,rest
b034223,新発寒六条八丁目,120,43.123245,141.271667,top
b004885,金山三条一丁目,69,43.124763,141.208033,rest
b026039,富丘三条二丁目,68,43.100721,141.251586,rest
b003448,金山一条二丁目,113,43.128758,141.206304,top
b035142,新発寒四条五丁目,123,43.114748,141.270423,top
b001072,星置一条七丁目,68,43.135664,141.197646,rest
b024746,前田一条七丁目,77,43.115975,141.253335,top
b014939,手稲本町五条一丁目,74,43.112082,141.23945,top
