bid,pred,truth
b022402,true,no
b002899,false,no
b034793,true,no
b009583,false,no
b022222,false,no
b004929,false,no
b016877,true,no
b008185,false,no
b029249,false,no
b037470,false,unsure
b022674,false,no
b016646,false,unsure
b023599,false,no
b036094,true,unsure
b009452,true,no
b013147,true,no
b038672,true,unsure
b036702,true,no
b037084,true,no
b006306,true,no
b033744,true,no
b028055,false,no
b031277,true,no
b025299,false,no
b032357,true,no
b036999,true,no
b037254,true,no
b003897,false,no
b019496,false,no
b006634,false,no
b012942,false,no
b012337,false,unsure
b020371,false,no
b016855,false,no
b000959,false,no
b021539,true,no
b032407,true,no
b012843,false,no
b021589,false,no
b020000,false,no
b033374,true,no
b017434,false,no
b005471,true,no
b019838,true,no
b020904,true,no
b022414,true,no
b032477,true,unsure
b021542,true,unsure
b000725,true,yes
b002357,true,no
b023105,false,no
b032639,false,no
b026100,true,no
b027565,true,no
b035166,true,no
b020318,false,no
b007130,true,no
b000432,true,unsure
b021133,true,no
b004260,false,no
b033053,true,unsure
b024730,true,no
b036930,false,no
b023822,false,no
b018285,false,no
b009128,false,no
b020265,true,unsure
b015880,false,no
b029185,true,no
b033722,false,no
b012916,true,no
b023328,true,no
b017681,false,no
b038275,false,unsure
b005093,false,no
b025162,true,no
b006883,false,no
b019656,false,no
b025434,false,no
b037205,true,no
b013978,true,no
b025919,false,no
b037023,true,unsure
b035058,true,no
b038289,false,no
b035160,false,unsure
b000349,true,yes
b029255,false,no
b033980,false,no
b038470,false,no
b017893,true,no
b036997,true,no
b008633,false,no
b029781,true,no
b003821,false,no
b016614,false,no
b026010,false,no
b022790,true,no
b036836,true,no