bid,pred,score,lat,lon,area,town
b022402,True,0.239,43.100713,141.248427,62.1,富丘五条二丁目
b002899,False,0.0,43.133068,141.203266,148.7,星置一条六丁目
b034793,True,0.112,43.120212,141.272309,80.0,新発寒六条七丁目
b009583,False,0.0,43.147854,141.234179,83.0,曙十二条二丁目
b022222,False,0.0,43.103262,141.248805,109.9,富丘四条三丁目
b004929,False,0.0,43.12371,141.208815,66.0,金山三条一丁目
b016877,True,0.186,43.129894,141.242467,82.2,前田四条十五丁目
b008185,False,0.0,43.120175,141.222936,94.3,稲穂四条四丁目
b029249,False,0.0,43.104817,141.2609,92.4,西宮の沢二条四丁目
b037470,False,0.0,43.11375,141.274836,199.5,新発寒五条三丁目
b022674,False,0.0,43.137756,141.25326,85.0,前田十条十五丁目
b016646,False,0.0,43.133667,141.243493,77.8,前田六条十六丁目
b023599,False,0.0,43.125794,141.256067,80.4,前田六条十丁目
b036094,True,0.378,43.106229,141.270364,55.3,新発寒一条一丁目
b009452,True,0.143,43.11865,141.228349,73.2,稲穂四条二丁目
b013147,True,0.113,43.134363,141.236078,65.7,曙五条二丁目
b038672,True,0.15,43.110638,141.278723,92.8,新発寒五条一丁目
b036702,True,0.76,43.1211,141.278515,90.9,新発寒七条五丁目
b037084,True,0.304,43.119246,141.277321,68.0,新発寒六条五丁目
b006306,True,0.102,43.128831,141.216949,80.5,稲穂一条六丁目
b033744,True,0.137,43.125472,141.269987,78.4,新発寒七条十丁目
b028055,False,0.0,43.11995,141.259152,59.2,前田四条七丁目
b031277,True,0.288,43.12053,141.265041,74.0,前田六条五丁目
b025299,False,0.0,43.111504,141.254617,51.1,富丘一条五丁目
b032357,True,0.109,43.108877,141.266118,97.4,前田一条一丁目
b036999,True,0.389,43.117733,141.274785,73.9,新発寒六条五丁目
b037254,True,0.147,43.118081,141.277655,70.1,新発寒六条四丁目
b003897,False,0.0,43.140715,141.212618,76.1,手稲山口
b019496,False,0.0,43.138675,141.251092,71.6,前田九条十五丁目
b006634,False,0.0,43.124027,141.217562,65.8,稲穂四条五丁目
b012942,False,0.0,43.138745,141.239974,65.9,曙七条一丁目
b012337,False,0.0,43.143245,141.237645,72.8,曙九条二丁目
b020371,False,0.0,43.126252,141.248447,69.7,前田五条十二丁目
b016855,False,0.0,43.130542,141.242302,53.3,前田五条十五丁目
b000959,False,0.0,43.138433,141.201533,65.9,星置三条六丁目
b021539,True,0.103,43.113916,141.249487,83.5,富丘一条六丁目
b032407,True,0.103,43.108169,141.267259,81.5,新発寒一条三丁目
b012843,False,0.0,43.138893,141.238082,73.8,曙七条二丁目
b021589,False,0.0,43.113626,141.251209,180.8,富丘一条六丁目
b020000,False,0.0,43.132236,141.249126,122.3,前田七条十五丁目
b033374,True,0.15,43.134422,141.270345,51.1,前田十三条
b017434,False,0.0,43.125531,141.245468,60.5,前田四条十三丁目
b005471,True,0.241,43.136105,141.214364,64.9,星置二条二丁目
b019838,True,0.42,43.132242,141.24784,65.0,前田六条十四丁目
b020904,True,0.164,43.121627,141.2494,57.6,前田二条十丁目
b022414,True,0.163,43.100724,141.249007,69.8,富丘五条二丁目
b032477,True,0.107,43.105262,141.265595,66.7,西宮の沢一条三丁目
b021542,True,0.129,43.113921,141.249754,78.7,富丘一条六丁目
b000725,True,0.591,43.138353,141.198846,95.5,星置三条七丁目
b002357,True,0.114,43.136868,141.20256,93.5,星置二条六丁目
b023105,False,0.0,43.134585,141.254559,146.0,前田九条十四丁目
b032639,False,0.0,43.104244,141.264755,79.8,西宮の沢二条三丁目
b026100,True,0.271,43.098856,141.251699,67.9,富丘四条一丁目
b027565,True,0.165,43.125197,141.260426,75.1,前田七条九丁目
b035166,True,0.167,43.113421,141.269281,113.7,新発寒四条五丁目
b020318,False,0.0,43.125127,141.24632,83.7,前田四条十二丁目
b007130,True,0.262,43.134286,141.220083,77.1,星置二条一丁目
b000432,True,0.148,43.134018,141.195377,83.2,星置一条八丁目
b021133,True,0.472,43.118771,141.249401,73.8,前田一条十丁目
b004260,False,0.0,43.135466,141.211422,82.7,星置二条三丁目
b033053,True,0.259,43.097952,141.265302,61.0,西宮の沢三条一丁目
b024730,True,0.136,43.115861,141.253212,81.1,前田一条七丁目
b036930,False,0.0,43.117399,141.273869,83.8,新発寒五条五丁目
b023822,False,0.0,43.122974,141.253885,71.7,前田四条九丁目
b018285,False,0.0,43.111604,141.242215,67.4,富丘五条七丁目
b009128,False,0.0,43.124547,141.22881,65.7,稲穂一条二丁目
b020265,True,0.475,43.127208,141.247398,101.4,前田五条十三丁目
b015880,False,0.0,43.140366,141.242202,92.6,前田八条十九丁目
b029185,True,0.104,43.104704,141.259707,55.5,西宮の沢二条四丁目
b033722,False,0.0,43.12565,141.269202,138.6,新発寒七条十丁目
b032822,True,0.108,43.101809,141.267559,109.8,西宮の沢二条一丁目
b012916,True,0.25,43.137413,141.238736,76.4,曙七条一丁目
b023328,True,0.378,43.133009,141.255258,106.0,前田八条十二丁目
b017681,False,0.0,43.119824,141.24233,132.9,手稲本町二条四丁目
b038275,False,0.0,43.118652,141.280589,79.2,新発寒七条三丁目
b005093,False,0.0,43.140755,141.213518,74.1,手稲山口
b025162,True,0.201,43.110352,141.252213,117.3,富丘一条五丁目
b006883,False,0.0,43.139797,141.21995,82.7,星置三条一丁目
b019656,False,0.0,43.13671,141.250826,78.8,前田八条十五丁目
b025434,False,0.0,43.108941,141.252647,106.9,富丘二条四丁目
b037205,True,0.112,43.118744,141.277117,63.1,新発寒六条五丁目
b013978,True,0.111,43.128005,141.23963,95.9,曙二条二丁目
b025919,False,0.0,43.10436,141.254794,94.0,富丘二条三丁目
b037023,True,0.886,43.117857,141.27567,70.6,新発寒六条五丁目
b035058,True,0.109,43.114683,141.268457,56.8,新発寒四条五丁目
b038289,False,0.0,43.118703,141.280874,57.0,新発寒七条三丁目
b035160,False,0.0,43.113822,141.2695,75.1,新発寒四条五丁目
b000349,True,0.512,43.134842,141.194214,65.9,星置一条八丁目
b029255,False,0.0,43.104926,141.261398,164.9,西宮の沢二条四丁目
b033980,False,0.0,43.123311,141.26941,74.9,新発寒六条九丁目
b038470,False,0.0,43.114738,141.279884,127.7,新発寒六条二丁目
b017893,True,0.515,43.115279,141.241599,106.7,手稲本町三条二丁目
b036997,True,0.216,43.118254,141.275792,87.3,新発寒六条五丁目
b008633,False,0.0,43.138938,141.224473,102.6,明日風三丁目
b029781,True,0.24,43.092938,141.26155,96.3,西宮の沢五条一丁目
b003821,False,0.0,43.137625,141.20768,68.6,星置二条四丁目
b016614,False,0.0,43.134998,141.243693,84.0,前田六条十六丁目
b026010,False,0.0,43.102203,141.256538,112.2,西宮の沢四条四丁目
b022790,True,0.131,43.136937,141.251353,76.5,前田九条十五丁目
b036836,True,0.123,43.119488,141.275139,85.7,新発寒六条五丁目
